id,unique_identity,runs_on
7507574,C1559520201222,2020-12-22
7507294,C2784520201222,2020-12-22
7507575,C2003220201222,2020-12-22
7507576,C2011620201222,2020-12-22
7507577,C2019020201222,2020-12-22
7507579,C2033520201222,2020-12-22
7507580,C2022520201222,2020-12-22
7507581,C2034820201222,2020-12-22
7507857,G6853720201222,2020-12-22
7507823,G6593520201222,2020-12-22
7507824,G6593620201222,2020-12-22
7507825,G6593820201222,2020-12-22
7507860,G6853920201222,2020-12-22
7507826,G6594020201222,2020-12-22
7507827,G6594220201222,2020-12-22
7507828,G6594420201222,2020-12-22
7507829,G6594620201222,2020-12-22
7507830,G6594820201222,2020-12-22
7507831,G6595220201222,2020-12-22
7507832,G6595020201222,2020-12-22
7507833,G6595420201222,2020-12-22
7507834,G6595620201222,2020-12-22
7507835,G6595820201222,2020-12-22
7507836,G6596520201222,2020-12-22
7507837,G6596720201222,2020-12-22
7507838,G6597120201222,2020-12-22
7507839,G6596920201222,2020-12-22
7507840,G6597320201222,2020-12-22
7507841,G6597520201222,2020-12-22
7507842,G6597720201222,2020-12-22
7507843,G6597920201222,2020-12-22
7507844,G6598120201222,2020-12-22
7507845,G6598520201222,2020-12-22
7507846,G6598320201222,2020-12-22
7507847,G6598720201222,2020-12-22
7507848,G6598920201222,2020-12-22
7507850,G6853120201222,2020-12-22
7507851,G6853320201222,2020-12-22
7507856,G6853520201222,2020-12-22
7507865,G6854120201222,2020-12-22
7507868,G6854320201222,2020-12-22
7507872,C1560720201222,2020-12-22
7507875,G6854520201222,2020-12-22
7507965,W3404420201222,2020-12-22
7507966,W3635220201222,2020-12-22
7507967,W3627420201222,2020-12-22
7508034,C1985620201222,2020-12-22
7508365,C2028620201222,2020-12-22
7508112,C2035120201222,2020-12-22
7508218,W3409020201222,2020-12-22
7508078,C2023320201222,2020-12-22
7508383,C1972420201222,2020-12-22
7508391,C1413620201222,2020-12-22
7508392,C1409120201222,2020-12-22
7508393,C1977720201222,2020-12-22
7508397,C2023520201222,2020-12-22
7508502,C1988920201222,2020-12-22
7508465,C1988220201222,2020-12-22
7508470,C1988520201222,2020-12-22
7508475,C1988620201222,2020-12-22
7508444,C1986820201222,2020-12-22
7508513,C1989820201222,2020-12-22
7508480,C1988720201222,2020-12-22
7508538,G6901020201222,2020-12-22
7508539,G6901320201222,2020-12-22
7508509,C1989020201222,2020-12-22
7508511,C1989520201222,2020-12-22
7508694,W3305020201222,2020-12-22
7508700,W3665020201222,2020-12-22
7509505,W3637020201222,2020-12-22
7508934,W3651620201222,2020-12-22
7509224,C1676220201222,2020-12-22
7509225,C2020720201222,2020-12-22
7509407,C1505520201222,2020-12-22
7509478,C2023620201222,2020-12-22
7509486,C2011120201222,2020-12-22
7509489,C2014420201222,2020-12-22
7509491,C1563320201222,2020-12-22
7509517,C1544020201222,2020-12-22
7509535,C1534920201222,2020-12-22
7509539,C2781320201222,2020-12-22
7509540,C2757220201222,2020-12-22
7509541,C2784220201222,2020-12-22
7509519,C1702520201222,2020-12-22
7509565,W3322220201222,2020-12-22
7509552,C1530220201222,2020-12-22
7509521,C1533620201222,2020-12-22
7509554,C1715220201222,2020-12-22
7509555,C2752220201222,2020-12-22
7509574,W3413720201222,2020-12-22
7509576,W3414520201222,2020-12-22
7509530,C1430220201222,2020-12-22
7509594,W3416620201222,2020-12-22
7509533,C1741020201222,2020-12-22
7509836,C2782020201222,2020-12-22
7509602,W3602220201222,2020-12-22
7509611,C1429920201222,2020-12-22
7509685,C2793520201222,2020-12-22
7509689,C2783820201222,2020-12-22
7509694,C2752020201222,2020-12-22
7509700,P4479720201222,2020-12-22
7509701,P4480120201222,2020-12-22
7509869,C1762220201222,2020-12-22
7509873,C1420220201222,2020-12-22
7509769,C2790920201222,2020-12-22
7509886,C2780820201222,2020-12-22
7509889,P4479320201222,2020-12-22
7509894,C1540320201222,2020-12-22
7509895,C1711920201222,2020-12-22
7509896,C2745220201222,2020-12-22
7509904,C1496920201222,2020-12-22
7509880,C1428520201222,2020-12-22
7509882,C1532020201222,2020-12-22
7509910,C1661620201222,2020-12-22
7509911,C2763220201222,2020-12-22
7509838,C2782320201222,2020-12-22
7509845,C1708820201222,2020-12-22
7509849,C1688220201222,2020-12-22
7509850,C1703920201222,2020-12-22
7509851,C1532120201222,2020-12-22
7510374,C2752320201222,2020-12-22
7510345,C2782620201222,2020-12-22
7510348,C2781420201222,2020-12-22
7510349,C2780720201222,2020-12-22
7510350,C2780520201222,2020-12-22
7510352,C2776720201222,2020-12-22
7510353,C2775520201222,2020-12-22
7510306,C2793020201222,2020-12-22
7510307,C2790620201222,2020-12-22
7510310,C2790120201222,2020-12-22
7510311,C2790220201222,2020-12-22
7510313,C2784420201222,2020-12-22
7510336,C2783220201222,2020-12-22
7510338,C2782920201222,2020-12-22
7510404,C1684720201222,2020-12-22
7510405,C1684120201222,2020-12-22
7510406,C1683820201222,2020-12-22
7510409,C1681820201222,2020-12-22
7510357,C2775120201222,2020-12-22
7510360,C2774020201222,2020-12-22
7510364,C2766520201222,2020-12-22
7510366,C2764420201222,2020-12-22
7510367,C2763120201222,2020-12-22
7510368,C2762120201222,2020-12-22
7510372,C2756520201222,2020-12-22
7510373,C2754220201222,2020-12-22
7510435,C1546120201222,2020-12-22
7510436,C1545920201222,2020-12-22
7510438,C1543620201222,2020-12-22
7510439,C1542820201222,2020-12-22
7510440,C1542120201222,2020-12-22
7510444,C1541320201222,2020-12-22
7510445,C1540620201222,2020-12-22
7510446,C1537920201222,2020-12-22
7510447,C1539820201222,2020-12-22
7510448,C1536120201222,2020-12-22
7510449,C1536320201222,2020-12-22
7510450,C1535220201222,2020-12-22
7510451,C1534020201222,2020-12-22
7510452,C1534320201222,2020-12-22
7510454,C1532620201222,2020-12-22
7510455,C1532320201222,2020-12-22
7510458,C1531620201222,2020-12-22
7510459,C1531320201222,2020-12-22
7510461,C1531220201222,2020-12-22
7510463,C1530920201222,2020-12-22
7510495,C1458020201222,2020-12-22
7510496,C1456020201222,2020-12-22
7510497,C1455320201222,2020-12-22
7510498,C1453720201222,2020-12-22
7510499,C1449420201222,2020-12-22
7510500,C1424020201222,2020-12-22
7510501,C1420920201222,2020-12-22
7510502,C1420720201222,2020-12-22
7510503,C1414820201222,2020-12-22
7510508,C1414620201222,2020-12-22
7510512,C1414220201222,2020-12-22
7510414,C1681320201222,2020-12-22
7510415,C1680320201222,2020-12-22
7510416,C1679220201222,2020-12-22
7510417,C1678220201222,2020-12-22
7510418,C1670420201222,2020-12-22
7510419,C1669820201222,2020-12-22
7510420,C1670020201222,2020-12-22
7510421,C1668020201222,2020-12-22
7510422,C1667220201222,2020-12-22
7510424,C1665520201222,2020-12-22
7510425,C1663820201222,2020-12-22
7510426,C1662320201222,2020-12-22
7510427,C1660220201222,2020-12-22
7510428,C1659620201222,2020-12-22
7510429,C1658220201222,2020-12-22
7510431,C1563120201222,2020-12-22
7510432,C1559720201222,2020-12-22
7510464,C1530720201222,2020-12-22
7510466,C1530420201222,2020-12-22
7510467,C1529320201222,2020-12-22
7510468,C1528820201222,2020-12-22
7510469,C1528220201222,2020-12-22
7510472,C1526920201222,2020-12-22
7510473,C1507920201222,2020-12-22
7510474,C1502820201222,2020-12-22
7510476,C1500720201222,2020-12-22
7510478,C1498620201222,2020-12-22
7510479,C1497820201222,2020-12-22
7510481,C1498220201222,2020-12-22
7510482,C1480520201222,2020-12-22
7510483,C1476420201222,2020-12-22
7510484,C1474920201222,2020-12-22
7510486,C1474020201222,2020-12-22
7510487,C1473620201222,2020-12-22
7510488,C1472620201222,2020-12-22
7510489,C1470320201222,2020-12-22
7510490,C1467520201222,2020-12-22
7510491,C1460220201222,2020-12-22
7510492,C1459820201222,2020-12-22
7510528,C1410120201222,2020-12-22
7510518,C1413220201222,2020-12-22
7510519,C1411620201222,2020-12-22
7510523,C1410520201222,2020-12-22
7510567,S2230820201222,2020-12-22
7510568,S2230920201222,2020-12-22
7510571,C1499020201222,2020-12-22
7510588,C1459620201222,2020-12-22
7510375,C2752520201222,2020-12-22
7510376,C2751920201222,2020-12-22
7510378,C2745120201222,2020-12-22
7510379,C1777720201222,2020-12-22
7510380,C2743420201222,2020-12-22
7510381,C2743120201222,2020-12-22
7510382,C1775520201222,2020-12-22
7510383,C1771320201222,2020-12-22
7510385,C1738720201222,2020-12-22
7510386,C1722220201222,2020-12-22
7510387,C1722120201222,2020-12-22
7510388,C1722020201222,2020-12-22
7510389,C1715920201222,2020-12-22
7510390,C1712920201222,2020-12-22
7510391,C1712520201222,2020-12-22
7510392,C1709820201222,2020-12-22
7510393,C1712120201222,2020-12-22
7510394,C1711820201222,2020-12-22
7510395,C1710320201222,2020-12-22
7510396,C1707520201222,2020-12-22
7510397,C1709020201222,2020-12-22
7510398,C1705520201222,2020-12-22
7510399,C1704920201222,2020-12-22
7510400,C1704420201222,2020-12-22
7510403,C1703220201222,2020-12-22
7511121,C1972220201222,2020-12-22
7511122,C1986920201222,2020-12-22
7511137,C2021720201222,2020-12-22
7511117,C1413020201222,2020-12-22
7511118,C1469320201222,2020-12-22
7511119,C1962020201222,2020-12-22
7511138,C2021920201222,2020-12-22
7511694,W3388420201222,2020-12-22
7511201,C1965320201222,2020-12-22
7511202,C2056720201222,2020-12-22
7511203,C2793820201222,2020-12-22
7511378,C1960220201222,2020-12-22
7511486,C2743820201222,2020-12-22
7511680,W3302820201222,2020-12-22
7511681,W3309620201222,2020-12-22
7511685,W3361820201222,2020-12-22
7511750,W3663820201222,2020-12-22
7511644,C2777220201222,2020-12-22
7511720,W3489020201222,2020-12-22
7511721,W3489820201222,2020-12-22
7511722,W3490920201222,2020-12-22
7511723,W3491220201222,2020-12-22
7511724,W3491920201222,2020-12-22
7511725,W3492520201222,2020-12-22
7511726,W3494020201222,2020-12-22
7511728,W3494520201222,2020-12-22
7511729,W3495120201222,2020-12-22
7511730,W3496620201222,2020-12-22
7511732,W3586020201222,2020-12-22
7511735,W3618320201222,2020-12-22
7511737,W3633820201222,2020-12-22
7511738,W3635720201222,2020-12-22
7511739,W3636220201222,2020-12-22
7511740,W3636920201222,2020-12-22
7511742,W3651220201222,2020-12-22
7511743,W3652020201222,2020-12-22
7511748,W3652120201222,2020-12-22
7511695,W3388120201222,2020-12-22
7511696,W3388620201222,2020-12-22
7511698,W3388820201222,2020-12-22
7511700,W3389220201222,2020-12-22
7511701,W3389020201222,2020-12-22
7511702,W3389520201222,2020-12-22
7511703,W3398620201222,2020-12-22
7511706,W3448220201222,2020-12-22
7511710,W3474720201222,2020-12-22
7511711,W3476420201222,2020-12-22
7511712,W3477120201222,2020-12-22
7511715,W3483620201222,2020-12-22
7511716,W3484320201222,2020-12-22
7511717,W3488220201222,2020-12-22
7511718,W3488420201222,2020-12-22
7512036,C1943520201222,2020-12-22
7514061,S0333220201222,2020-12-22
7511959,C2756020201222,2020-12-22
7511956,C1449120201222,2020-12-22
7514062,S0333320201222,2020-12-22
7512037,C1949620201222,2020-12-22
7512038,C1987420201222,2020-12-22
7512039,C1987920201222,2020-12-22
7512041,C2001420201222,2020-12-22
7512042,C2753120201222,2020-12-22
7514064,S0333520201222,2020-12-22
7512082,C2750820201222,2020-12-22
7512083,C2753420201222,2020-12-22
7512085,C2754120201222,2020-12-22
7512086,C2754620201222,2020-12-22
7512087,C2755520201222,2020-12-22
7514063,S0333420201222,2020-12-22
7512111,W3339320201222,2020-12-22
7512192,C0882020201222,2020-12-22
7512194,C1533820201222,2020-12-22
7512195,C1943120201222,2020-12-22
7512196,C1972020201222,2020-12-22
7512200,C2007120201222,2020-12-22
7512201,C2006920201222,2020-12-22
7512203,C2011920201222,2020-12-22
7512204,C2034220201222,2020-12-22
7512257,G6904820201222,2020-12-22
7512215,C2462320201222,2020-12-22
7512216,C2469320201222,2020-12-22
7512218,C2469520201222,2020-12-22
7512287,C2486520201222,2020-12-22
7512376,G6909420201222,2020-12-22
7512341,G6902220201222,2020-12-22
7512342,G6904920201222,2020-12-22
7512344,G6905020201222,2020-12-22
7512346,W3646120201222,2020-12-22
7512326,W3293920201222,2020-12-22
7514065,S0333620201222,2020-12-22
7514066,S0333720201222,2020-12-22
7512450,C1494420201222,2020-12-22
7512453,C1941720201222,2020-12-22
7512454,C2041220201222,2020-12-22
7512457,C2042020201222,2020-12-22
7512458,C2042120201222,2020-12-22
7512693,C2461920201222,2020-12-22
7514067,S0333820201222,2020-12-22
7512742,G4109420201222,2020-12-22
7514025,S0330320201222,2020-12-22
7513306,C1496020201222,2020-12-22
7513315,C2462520201222,2020-12-22
7513316,C2462620201222,2020-12-22
7513319,C2469720201222,2020-12-22
7513320,C2792420201222,2020-12-22
7514021,S0330020201222,2020-12-22
7514022,S0330120201222,2020-12-22
7514023,S0330220201222,2020-12-22
7514069,S0333920201222,2020-12-22
7514070,S0334020201222,2020-12-22
7514071,S0334120201222,2020-12-22
7514072,S0334220201222,2020-12-22
7514073,S0334420201222,2020-12-22
7514074,S0334320201222,2020-12-22
7514075,S0334520201222,2020-12-22
7514077,S0334620201222,2020-12-22
7514078,S0334720201222,2020-12-22
7514079,S0334820201222,2020-12-22
7514081,S0334920201222,2020-12-22
7514082,S0335120201222,2020-12-22
7514084,S0335020201222,2020-12-22
7514085,S0335220201222,2020-12-22
7514092,S0335320201222,2020-12-22
7514094,S0335420201222,2020-12-22
7514096,S0335520201222,2020-12-22
7514097,S0335620201222,2020-12-22
7514099,S0335720201222,2020-12-22
7514101,S0335820201222,2020-12-22
7514135,S2047520201222,2020-12-22
7514136,S2047620201222,2020-12-22
7514137,S2231120201222,2020-12-22
7514138,S2231320201222,2020-12-22
7514103,S0336120201222,2020-12-22
7514104,S0335920201222,2020-12-22
7514105,S0336020201222,2020-12-22
7514106,S0336220201222,2020-12-22
7514109,S0336320201222,2020-12-22
7514112,S0336420201222,2020-12-22
7514116,S0336520201222,2020-12-22
7514117,S0336620201222,2020-12-22
7514118,S0336720201222,2020-12-22
7514119,S0336820201222,2020-12-22
7514120,S0336920201222,2020-12-22
7514121,S0337020201222,2020-12-22
7514122,S0337120201222,2020-12-22
7514123,S0337220201222,2020-12-22
7514124,S0337320201222,2020-12-22
7514125,S0337420201222,2020-12-22
7514128,S2046620201222,2020-12-22
7514026,S0330420201222,2020-12-22
7514027,S0330520201222,2020-12-22
7514029,S0330620201222,2020-12-22
7514031,S0330720201222,2020-12-22
7514033,S0330820201222,2020-12-22
7514034,S0330920201222,2020-12-22
7514035,S0331020201222,2020-12-22
7514036,S0331120201222,2020-12-22
7514037,S0331220201222,2020-12-22
7514039,S0331320201222,2020-12-22
7514284,C1415020201222,2020-12-22
7514040,S0331420201222,2020-12-22
7514289,C1706020201222,2020-12-22
7514290,C1960020201222,2020-12-22
7514292,C1957920201222,2020-12-22
7514293,C2024020201222,2020-12-22
7514295,C2031020201222,2020-12-22
7514296,C2031420201222,2020-12-22
7514041,S0331520201222,2020-12-22
7514042,S0331620201222,2020-12-22
7514303,C2056320201222,2020-12-22
7514312,C2469920201222,2020-12-22
7514313,C2744420201222,2020-12-22
7514314,C2750320201222,2020-12-22
7514043,S0331720201222,2020-12-22
7514044,S0331820201222,2020-12-22
7514045,S0331920201222,2020-12-22
7514046,S0332020201222,2020-12-22
7514329,C4177620201222,2020-12-22
7514047,S0332120201222,2020-12-22
7514049,S0332220201222,2020-12-22
7514050,S0332320201222,2020-12-22
7514051,S0332420201222,2020-12-22
7514053,S0332520201222,2020-12-22
7514054,S0332620201222,2020-12-22
7514055,S0332720201222,2020-12-22
7514056,S0332820201222,2020-12-22
7514058,S0332920201222,2020-12-22
7514059,S0333020201222,2020-12-22
7514060,S0333120201222,2020-12-22
7516374,S1486820201222,2020-12-22
7514640,W3385320201222,2020-12-22
7514606,S1259620201222,2020-12-22
7514607,S2046520201222,2020-12-22
7514613,S2047020201222,2020-12-22
7514614,S2231020201222,2020-12-22
7514615,S2231220201222,2020-12-22
7514642,W3399620201222,2020-12-22
7514643,W3677720201222,2020-12-22
7514686,C1523020201222,2020-12-22
7514689,C1778420201222,2020-12-22
7514690,C1946220201222,2020-12-22
7514691,C1953320201222,2020-12-22
7514775,W3327420201222,2020-12-22
7514820,C2469820201222,2020-12-22
7514694,C1991120201222,2020-12-22
7514700,C2030720201222,2020-12-22
7514701,C2030920201222,2020-12-22
7514703,C2762720201222,2020-12-22
7514704,C2742920201222,2020-12-22
7514790,C1478720201222,2020-12-22
7514793,C1743720201222,2020-12-22
7514803,C1986620201222,2020-12-22
7514805,C2011220201222,2020-12-22
7514778,W3384920201222,2020-12-22
7516376,S1487020201222,2020-12-22
7515143,W3558120201222,2020-12-22
7515144,W3439220201222,2020-12-22
7515214,C0881920201222,2020-12-22
7515219,C2036320201222,2020-12-22
7515221,C2036420201222,2020-12-22
7515224,C2469420201222,2020-12-22
7515243,G6903020201222,2020-12-22
7515212,C0881620201222,2020-12-22
7515213,C0881720201222,2020-12-22
7516375,S1486920201222,2020-12-22
7516377,S1487120201222,2020-12-22
7515799,C1480320201222,2020-12-22
7516020,C2009220201222,2020-12-22
7516379,S1487320201222,2020-12-22
7516378,S1487220201222,2020-12-22
7516380,S1487420201222,2020-12-22
7516308,C1937920201222,2020-12-22
7516381,S1487520201222,2020-12-22
7516561,C1992420201222,2020-12-22
7516382,S1487620201222,2020-12-22
7516383,S1487720201222,2020-12-22
7516384,S1487820201222,2020-12-22
7516385,S1487920201222,2020-12-22
7516386,S1488020201222,2020-12-22
7516387,S1488220201222,2020-12-22
7516388,S1488320201222,2020-12-22
7516389,S1488120201222,2020-12-22
7516390,S1488420201222,2020-12-22
7516391,S1488520201222,2020-12-22
7516392,S1488620201222,2020-12-22
7516393,S1488720201222,2020-12-22
7516394,S1488820201222,2020-12-22
7516395,S1488920201222,2020-12-22
7516396,S1489720201222,2020-12-22
7516397,S1489020201222,2020-12-22
7516398,S1489120201222,2020-12-22
7516399,S1489220201222,2020-12-22
7516400,S1489320201222,2020-12-22
7516401,S1489420201222,2020-12-22
7516402,S1489820201222,2020-12-22
7516403,S1489520201222,2020-12-22
7516404,S1489620201222,2020-12-22
7516405,S1489920201222,2020-12-22
7516406,S1490020201222,2020-12-22
7516407,S1490120201222,2020-12-22
7516408,S2047220201222,2020-12-22
7516372,S1486620201222,2020-12-22
7516373,S1486720201222,2020-12-22
7516584,C1713520201222,2020-12-22
7516701,C2492920201222,2020-12-22
7517769,C1987120201222,2020-12-22
7516835,C2056120201222,2020-12-22
7516836,C2778020201222,2020-12-22
7516843,C1428320201222,2020-12-22
7517229,C1555420201222,2020-12-22
7517558,C1741920201222,2020-12-22
7517623,C2000120201222,2020-12-22
7517626,C2028420201222,2020-12-22
7517709,C1972720201222,2020-12-22
7517770,C1987520201222,2020-12-22
7517780,C2752420201222,2020-12-22
7518112,C1945520201222,2020-12-22
7517931,C2791720201222,2020-12-22
7518113,C2465220201222,2020-12-22
7518217,C1415620201222,2020-12-22
7518246,C7465120201222,2020-12-22
7518218,C1990920201222,2020-12-22
7520947,W3306720201222,2020-12-22
7520717,W3596620201222,2020-12-22
7520718,W3644420201222,2020-12-22
7520719,W3646720201222,2020-12-22
7521573,W3410320201222,2020-12-22
7521464,C2029020201222,2020-12-22
7521477,C1671720201222,2020-12-22
7521586,C1469720201222,2020-12-22
7521598,C1562620201222,2020-12-22
7521610,C1714320201222,2020-12-22
7521673,C1973720201222,2020-12-22
7521617,C1938520201222,2020-12-22
7521618,C1938620201222,2020-12-22
7521619,C1939820201222,2020-12-22
7521622,C1940820201222,2020-12-22
7521623,C1941020201222,2020-12-22
7521625,C1941520201222,2020-12-22
7521628,C1943320201222,2020-12-22
7521630,C1944020201222,2020-12-22
7521699,C2019520201222,2020-12-22
7521705,C2028220201222,2020-12-22
7521706,C2027320201222,2020-12-22
7521707,C2028820201222,2020-12-22
7521709,C2031820201222,2020-12-22
7521711,C2032020201222,2020-12-22
7521712,C2034920201222,2020-12-22
7521713,C2035320201222,2020-12-22
7521719,C2461720201222,2020-12-22
7521632,C1944220201222,2020-12-22
7521633,C1944920201222,2020-12-22
7521634,C1945220201222,2020-12-22
7521725,C2463320201222,2020-12-22
7521732,C2466720201222,2020-12-22
7521733,C2467220201222,2020-12-22
7521734,C2467820201222,2020-12-22
7521735,C2468720201222,2020-12-22
7521739,C2492320201222,2020-12-22
7521743,C2744620201222,2020-12-22
7521746,W3306520201222,2020-12-22
7521747,W3309320201222,2020-12-22
7521748,W3314120201222,2020-12-22
7521749,W3315120201222,2020-12-22
7521750,W3342120201222,2020-12-22
7521751,W3343820201222,2020-12-22
7521752,W3345120201222,2020-12-22
7521753,W3344720201222,2020-12-22
7521754,W3345520201222,2020-12-22
7521755,W3345720201222,2020-12-22
7521756,W3350320201222,2020-12-22
7521759,W3382520201222,2020-12-22
7521760,W3389720201222,2020-12-22
7521761,W3390120201222,2020-12-22
7521762,W3390220201222,2020-12-22
7521763,W3390920201222,2020-12-22
7521764,W3391220201222,2020-12-22
7521765,W3391520201222,2020-12-22
7521766,W3391920201222,2020-12-22
7521767,W3392220201222,2020-12-22
7521768,W3392420201222,2020-12-22
7521769,W3392820201222,2020-12-22
7521770,W3393020201222,2020-12-22
7521771,W3393520201222,2020-12-22
7521774,W3406220201222,2020-12-22
7521777,W3408620201222,2020-12-22
7521778,W3410820201222,2020-12-22
7521779,W3412520201222,2020-12-22
7521780,W3412920201222,2020-12-22
7521811,W3493720201222,2020-12-22
7521813,W3494820201222,2020-12-22
7521814,W3495520201222,2020-12-22
7521816,W3495920201222,2020-12-22
7521817,W3496420201222,2020-12-22
7521818,W3496920201222,2020-12-22
7521822,W3497420201222,2020-12-22
7521824,W3498220201222,2020-12-22
7521826,W3499620201222,2020-12-22
7521828,W3500220201222,2020-12-22
7521829,W3501220201222,2020-12-22
7521831,W3502320201222,2020-12-22
7521832,W3503120201222,2020-12-22
7521834,W3507620201222,2020-12-22
7521836,W3508920201222,2020-12-22
7521837,W3509520201222,2020-12-22
7521839,W3510120201222,2020-12-22
7521870,W3520620201222,2020-12-22
7521871,W3521220201222,2020-12-22
7521873,W3521820201222,2020-12-22
7521874,W3522620201222,2020-12-22
7521875,W3522920201222,2020-12-22
7521876,W3524320201222,2020-12-22
7521877,W3525020201222,2020-12-22
7521878,W3525520201222,2020-12-22
7521879,W3526120201222,2020-12-22
7521880,W3526620201222,2020-12-22
7521881,W3527220201222,2020-12-22
7521883,W3527920201222,2020-12-22
7521884,W3528320201222,2020-12-22
7521885,W3532420201222,2020-12-22
7521886,W3532720201222,2020-12-22
7521934,G2673820201222,2020-12-22
7521782,W3417420201222,2020-12-22
7521783,W3417920201222,2020-12-22
7521784,W3434420201222,2020-12-22
7521785,W3436420201222,2020-12-22
7521787,W3437920201222,2020-12-22
7521789,W3468720201222,2020-12-22
7521792,W3469020201222,2020-12-22
7521793,W3469720201222,2020-12-22
7521794,W3470520201222,2020-12-22
7521796,W3471520201222,2020-12-22
7521797,W3472320201222,2020-12-22
7521798,W3473220201222,2020-12-22
7521799,W3474220201222,2020-12-22
7521800,W3474920201222,2020-12-22
7521801,W3475920201222,2020-12-22
7521802,W3476720201222,2020-12-22
7521803,W3477420201222,2020-12-22
7521804,W3477920201222,2020-12-22
7521806,W3481720201222,2020-12-22
7521807,W3484620201222,2020-12-22
7521808,W3484920201222,2020-12-22
7521840,W3510420201222,2020-12-22
7521841,W3511320201222,2020-12-22
7521842,W3510920201222,2020-12-22
7521843,W3511520201222,2020-12-22
7521845,W3512220201222,2020-12-22
7521847,W3512720201222,2020-12-22
7521849,W3512920201222,2020-12-22
7521850,W3513320201222,2020-12-22
7521852,W3513520201222,2020-12-22
7521853,W3513820201222,2020-12-22
7521855,W3514120201222,2020-12-22
7521857,C1563620201222,2020-12-22
7521858,W3514420201222,2020-12-22
7521859,W3515020201222,2020-12-22
7521860,W3515220201222,2020-12-22
7521861,W3515420201222,2020-12-22
7521863,W3515620201222,2020-12-22
7521864,W3516320201222,2020-12-22
7521865,W3516120201222,2020-12-22
7521866,W3516820201222,2020-12-22
7521867,W3517020201222,2020-12-22
7521868,W3517320201222,2020-12-22
7521897,W3597720201222,2020-12-22
7521903,W3600720201222,2020-12-22
7521905,W3624720201222,2020-12-22
7521908,W3625320201222,2020-12-22
7521909,W3626320201222,2020-12-22
7521910,W3626520201222,2020-12-22
7521915,W3649520201222,2020-12-22
7521916,W3650220201222,2020-12-22
7521918,W3652320201222,2020-12-22
7521919,W3659020201222,2020-12-22
7521920,W3667420201222,2020-12-22
7521921,W3667820201222,2020-12-22
7521922,W3674820201222,2020-12-22
7521923,W3675720201222,2020-12-22
7521924,W3680020201222,2020-12-22
7522114,C1951020201222,2020-12-22
7521674,C1973920201222,2020-12-22
7521675,C1974720201222,2020-12-22
7521679,C1989420201222,2020-12-22
7522884,C1676020201222,2020-12-22
7522359,C1538320201222,2020-12-22
7522361,C1540920201222,2020-12-22
7522362,C1539720201222,2020-12-22
7522363,C1981520201222,2020-12-22
7522364,C1981320201222,2020-12-22
7522365,C1987720201222,2020-12-22
7522366,C1988120201222,2020-12-22
7522368,C1988320201222,2020-12-22
7522369,C1988820201222,2020-12-22
7522370,C1989320201222,2020-12-22
7522371,C1989120201222,2020-12-22
7522372,C1989720201222,2020-12-22
7522373,C1989920201222,2020-12-22
7522374,C2463620201222,2020-12-22
7522375,C2463520201222,2020-12-22
7522383,C2018620201222,2020-12-22
7522384,G2229220201222,2020-12-22
7522385,C1505020201222,2020-12-22
7522828,C1464320201222,2020-12-22
7522831,C1538920201222,2020-12-22
7522833,C1539520201222,2020-12-22
7522903,C1938020201222,2020-12-22
7522904,C1939220201222,2020-12-22
7522906,C1939720201222,2020-12-22
7522912,C1949520201222,2020-12-22
7522949,C2003020201222,2020-12-22
7522950,C2004020201222,2020-12-22
7522951,C2007320201222,2020-12-22
7522952,C2007420201222,2020-12-22
7522953,C2008120201222,2020-12-22
7522954,C2008220201222,2020-12-22
7522955,C2008920201222,2020-12-22
7522956,C2009120201222,2020-12-22
7522957,C2009520201222,2020-12-22
7522958,C2009620201222,2020-12-22
7522959,C2010320201222,2020-12-22
7522960,C2033320201222,2020-12-22
7522961,C2033620201222,2020-12-22
7522963,C2054220201222,2020-12-22
7522964,C2055920201222,2020-12-22
7522965,C2056520201222,2020-12-22
7522966,C2057520201222,2020-12-22
7522443,C1967120201222,2020-12-22
7522838,C1544820201222,2020-12-22
7522842,C1559820201222,2020-12-22
7522845,C1676120201222,2020-12-22
7522848,C1939120201222,2020-12-22
7522851,C1939620201222,2020-12-22
7522852,C1940020201222,2020-12-22
7522854,C2021020201222,2020-12-22
7522859,C2752620201222,2020-12-22
7522922,C1957320201222,2020-12-22
7522923,C1957520201222,2020-12-22
7522924,W3311820201222,2020-12-22
7522925,W3332520201222,2020-12-22
7522926,W3348820201222,2020-12-22
7522927,C1958820201222,2020-12-22
7522928,W3349620201222,2020-12-22
7522929,W3569420201222,2020-12-22
7522930,W3627120201222,2020-12-22
7522933,C1966520201222,2020-12-22
7522935,C1966720201222,2020-12-22
7522936,C1966920201222,2020-12-22
7522937,C1971220201222,2020-12-22
7522938,C1992620201222,2020-12-22
7522939,C1993220201222,2020-12-22
7522940,C1999920201222,2020-12-22
7522941,C2000020201222,2020-12-22
7522942,C2000220201222,2020-12-22
7522943,C2000720201222,2020-12-22
7522944,C2000520201222,2020-12-22
7522945,C2000820201222,2020-12-22
7522946,C2001320201222,2020-12-22
7522947,C2001520201222,2020-12-22
7522948,C2002320201222,2020-12-22
7523062,C2461520201222,2020-12-22
7523063,C2461620201222,2020-12-22
7523064,C2462120201222,2020-12-22
7523065,C2462220201222,2020-12-22
7523066,C2462920201222,2020-12-22
7523067,C2463420201222,2020-12-22
7523068,C2465320201222,2020-12-22
7523104,C4174920201222,2020-12-22
7523069,C2465720201222,2020-12-22
7523070,C2465820201222,2020-12-22
7523071,C2466220201222,2020-12-22
7523072,C2466320201222,2020-12-22
7523073,C2466820201222,2020-12-22
7523074,C2468820201222,2020-12-22
7523075,C2468020201222,2020-12-22
7523076,C2469020201222,2020-12-22
7523077,C2481120201222,2020-12-22
7523079,C2491920201222,2020-12-22
7523080,C2492420201222,2020-12-22
7523081,C2493820201222,2020-12-22
7523083,C2778420201222,2020-12-22
7523159,C1782920201222,2020-12-22
7522886,C1678520201222,2020-12-22
7523238,C1409720201222,2020-12-22
7523205,C2057420201222,2020-12-22
7523213,C2492820201222,2020-12-22
7523203,C1751720201222,2020-12-22
7523243,C1414020201222,2020-12-22
7523246,C1414420201222,2020-12-22
7523285,W3309820201222,2020-12-22
7523249,W3625120201222,2020-12-22
7523250,C2045220201222,2020-12-22
7523463,C1413820201222,2020-12-22
7523478,G2674120201222,2020-12-22
7523479,G2674220201222,2020-12-22
7523480,G2674820201222,2020-12-22
7523483,G2997220201222,2020-12-22
7523556,C1746920201222,2020-12-22
7523543,C2038120201222,2020-12-22
7523544,C2038220201222,2020-12-22
7523545,C2038520201222,2020-12-22
7523546,C2038620201222,2020-12-22
7523547,C2044020201222,2020-12-22
7523548,C2044120201222,2020-12-22
7523782,W3340120201222,2020-12-22
7523661,C1436820201222,2020-12-22
7523664,C1444220201222,2020-12-22
7523667,C1458620201222,2020-12-22
7523670,C1708020201222,2020-12-22
7523792,W3414120201222,2020-12-22
7523793,W3414920201222,2020-12-22
7523794,W3415320201222,2020-12-22
7523795,W3415820201222,2020-12-22
7523796,W3416220201222,2020-12-22
7523797,W3417020201222,2020-12-22
7523798,W3424220201222,2020-12-22
7523687,C1522720201222,2020-12-22
7523691,C1715520201222,2020-12-22
7523692,C1940320201222,2020-12-22
7523694,C1942820201222,2020-12-22
7523695,C1950520201222,2020-12-22
7523696,C1950720201222,2020-12-22
7523697,C1953420201222,2020-12-22
7523698,C1957720201222,2020-12-22
7523699,C1974920201222,2020-12-22
7523700,C1989620201222,2020-12-22
7523701,C1992020201222,2020-12-22
7523702,C1992220201222,2020-12-22
7523703,C2010520201222,2020-12-22
7523704,C2014820201222,2020-12-22
7523705,C2022020201222,2020-12-22
7523706,C2024220201222,2020-12-22
7523709,C2755020201222,2020-12-22
7523833,C1671320201222,2020-12-22
7523783,W3340820201222,2020-12-22
7523784,W3341220201222,2020-12-22
7523785,W3342520201222,2020-12-22
7523786,W3343320201222,2020-12-22
7523787,W3403820201222,2020-12-22
7523788,W3405320201222,2020-12-22
7523789,W3404820201222,2020-12-22
7523790,W3406620201222,2020-12-22
7523791,W3413320201222,2020-12-22
7523968,G2672820201222,2020-12-22
7524534,C2758820201222,2020-12-22
7524301,G2675020201222,2020-12-22
7525978,C1422520201222,2020-12-22
7525757,C2486920201222,2020-12-22
7526685,W3408020201222,2020-12-22
7526437,C1942720201222,2020-12-22
7526438,C1937520201222,2020-12-22
7526439,C1527420201222,2020-12-22
7526440,C1981620201222,2020-12-22
7526441,C2027620201222,2020-12-22
7526444,C4174620201222,2020-12-22
7526446,W3305320201222,2020-12-22
7526507,C1951920201222,2020-12-22
7526508,C1971620201222,2020-12-22
7526509,C2016820201222,2020-12-22
7526510,C2018320201222,2020-12-22
7526511,C2016420201222,2020-12-22
7526512,C2025820201222,2020-12-22
7526513,C2026820201222,2020-12-22
7526515,C2056920201222,2020-12-22
7526504,C1749520201222,2020-12-22
7526679,W3402820201222,2020-12-22
7526680,W3383020201222,2020-12-22
7526681,W3401720201222,2020-12-22
7526682,W3406820201222,2020-12-22
7526683,W3405620201222,2020-12-22
7526684,W3407820201222,2020-12-22
7526686,W3407320201222,2020-12-22
7526687,W3409320201222,2020-12-22
7526688,W3597120201222,2020-12-22
7526689,W3409920201222,2020-12-22
7526690,W3470020201222,2020-12-22
7526691,W3662920201222,2020-12-22
7526692,W3598320201222,2020-12-22
7526693,W3598720201222,2020-12-22
7532810,W3362420201222,2020-12-22
7527141,C1515420201222,2020-12-22
7527149,C2750620201222,2020-12-22
7527913,C1941320201222,2020-12-22
7528795,C2007720201222,2020-12-22
7528798,C2037120201222,2020-12-22
7528799,C1656920201222,2020-12-22
7528803,C2465120201222,2020-12-22
7532824,W3407220201222,2020-12-22
7532825,W3406920201222,2020-12-22
7532826,W3407520201222,2020-12-22
7532827,W3408120201222,2020-12-22
7532828,W3408720201222,2020-12-22
7532829,W3409520201222,2020-12-22
7532830,W3423120201222,2020-12-22
7532831,W3556220201222,2020-12-22
7532832,W3559620201222,2020-12-22
7532833,W3560220201222,2020-12-22
7532834,W3560820201222,2020-12-22
7532835,W3561420201222,2020-12-22
7532836,W3566020201222,2020-12-22
7532837,W3566520201222,2020-12-22
7532838,W3566820201222,2020-12-22
7532839,W3567220201222,2020-12-22
7532840,W3568320201222,2020-12-22
7532841,W3568720201222,2020-12-22
7532842,W3571320201222,2020-12-22
7532843,W3571620201222,2020-12-22
7532844,W3572220201222,2020-12-22
7532845,W3572720201222,2020-12-22
7532846,W3573020201222,2020-12-22
7532847,W3573420201222,2020-12-22
7532848,W3574120201222,2020-12-22
7532849,W3574320201222,2020-12-22
7532850,W3575120201222,2020-12-22
7532851,W3575420201222,2020-12-22
7532852,W3576620201222,2020-12-22
7528809,C2762620201222,2020-12-22
7532853,W3577220201222,2020-12-22
7532854,W3577620201222,2020-12-22
7532855,W3578320201222,2020-12-22
7532856,W3578420201222,2020-12-22
7532857,W3603720201222,2020-12-22
7532858,W3619620201222,2020-12-22
7532859,W3620620201222,2020-12-22
7532860,W3632920201222,2020-12-22
7532959,W3329520201222,2020-12-22
7532960,W3330420201222,2020-12-22
7532961,W3330720201222,2020-12-22
7532962,W3331520201222,2020-12-22
7532963,W3332120201222,2020-12-22
7532811,W3363020201222,2020-12-22
7532813,W3398420201222,2020-12-22
7532814,W3400920201222,2020-12-22
7532815,W3401420201222,2020-12-22
7532816,W3403020201222,2020-12-22
7532817,W3403420201222,2020-12-22
7532818,W3403920201222,2020-12-22
7532820,W3404920201222,2020-12-22
7532821,W3405720201222,2020-12-22
7532822,W3406020201222,2020-12-22
7532823,W3406320201222,2020-12-22
7534046,C1764320201222,2020-12-22
7535294,C2019820201222,2020-12-22
7535295,C2019920201222,2020-12-22
7535296,C2020520201222,2020-12-22
7535001,C1426720201222,2020-12-22
7535004,C1424120201222,2020-12-22
7535005,C1432820201222,2020-12-22
7535006,C1435220201222,2020-12-22
7535007,C1431820201222,2020-12-22
7534994,C1408220201222,2020-12-22
7535031,C1470920201222,2020-12-22
7535032,C1471720201222,2020-12-22
7535034,C1474420201222,2020-12-22
7535035,C1481520201222,2020-12-22
7535036,C1481120201222,2020-12-22
7535037,C1481020201222,2020-12-22
7535043,C1495320201222,2020-12-22
7535046,C1499420201222,2020-12-22
7535047,C1504120201222,2020-12-22
7535049,C1516820201222,2020-12-22
7535050,C1516220201222,2020-12-22
7535052,C1527920201222,2020-12-22
7535054,C1527620201222,2020-12-22
7535055,C1523820201222,2020-12-22
7535056,C1528920201222,2020-12-22
7535057,C1528420201222,2020-12-22
7535059,C1529120201222,2020-12-22
7535060,C1529720201222,2020-12-22
7535092,C1543420201222,2020-12-22
7535093,C1544720201222,2020-12-22
7535096,C1545420201222,2020-12-22
7535098,C1546820201222,2020-12-22
7535100,C1549820201222,2020-12-22
7535101,C1558920201222,2020-12-22
7535103,C1559920201222,2020-12-22
7535104,C1562820201222,2020-12-22
7535110,C1669220201222,2020-12-22
7535111,C1668620201222,2020-12-22
7535112,C1670820201222,2020-12-22
7535113,C1672220201222,2020-12-22
7535114,C1671120201222,2020-12-22
7535115,C1674620201222,2020-12-22
7535116,C1673920201222,2020-12-22
7535117,C1678020201222,2020-12-22
7535118,C1680120201222,2020-12-22
7535119,C1679420201222,2020-12-22
7535120,C1681920201222,2020-12-22
7535121,C1680720201222,2020-12-22
7534996,C1408920201222,2020-12-22
7534997,C1413420201222,2020-12-22
7535068,C1533220201222,2020-12-22
7535070,C1533320201222,2020-12-22
7535072,C1534420201222,2020-12-22
7535073,C1534520201222,2020-12-22
7535074,C1534620201222,2020-12-22
7535077,C1535820201222,2020-12-22
7535078,C1536820201222,2020-12-22
7535080,C1537120201222,2020-12-22
7535082,C1537720201222,2020-12-22
7535084,C1539120201222,2020-12-22
7535085,C1540020201222,2020-12-22
7535086,C1539920201222,2020-12-22
7535089,C1541520201222,2020-12-22
7535091,C1543020201222,2020-12-22
7535122,C1682420201222,2020-12-22
7535123,C1683420201222,2020-12-22
7535124,C1683220201222,2020-12-22
7535125,C1702420201222,2020-12-22
7535126,C1707020201222,2020-12-22
7535127,C1706520201222,2020-12-22
7535128,C1708520201222,2020-12-22
7535129,C1712720201222,2020-12-22
7535130,C1713220201222,2020-12-22
7535131,C1713120201222,2020-12-22
7535133,C1714920201222,2020-12-22
7535134,C1714620201222,2020-12-22
7535135,C1717920201222,2020-12-22
7535137,C1731820201222,2020-12-22
7535138,C1728320201222,2020-12-22
7535139,C1753920201222,2020-12-22
7535140,C1749420201222,2020-12-22
7535141,C1768920201222,2020-12-22
7535144,C1763020201222,2020-12-22
7535145,C1781820201222,2020-12-22
7535148,C1937420201222,2020-12-22
7535149,C1937620201222,2020-12-22
7535151,C1937720201222,2020-12-22
7535152,C1937820201222,2020-12-22
7535154,C1938220201222,2020-12-22
7535155,C1938320201222,2020-12-22
7535156,C1938420201222,2020-12-22
7535157,C1939020201222,2020-12-22
7535160,C1938720201222,2020-12-22
7535161,C1938920201222,2020-12-22
7535162,C1939320201222,2020-12-22
7535163,C1939420201222,2020-12-22
7535164,C1940120201222,2020-12-22
7535165,C1940220201222,2020-12-22
7535166,C1939920201222,2020-12-22
7535167,C1940520201222,2020-12-22
7535168,C1940420201222,2020-12-22
7535170,C1941120201222,2020-12-22
7535171,C1941220201222,2020-12-22
7535173,C1942920201222,2020-12-22
7535175,C1943620201222,2020-12-22
7535176,C1943820201222,2020-12-22
7535205,C1960620201222,2020-12-22
7535207,C1961520201222,2020-12-22
7535208,C1961020201222,2020-12-22
7535209,C1962220201222,2020-12-22
7535210,C1963820201222,2020-12-22
7535211,C1964920201222,2020-12-22
7535213,C1965220201222,2020-12-22
7535214,C1965520201222,2020-12-22
7535215,C1965720201222,2020-12-22
7535216,C1966320201222,2020-12-22
7535217,C1965920201222,2020-12-22
7535218,C1966120201222,2020-12-22
7535219,C1966620201222,2020-12-22
7535220,C1966820201222,2020-12-22
7535221,C1966420201222,2020-12-22
7535222,C1968020201222,2020-12-22
7535223,C1967620201222,2020-12-22
7535224,C1971120201222,2020-12-22
7535225,C1971820201222,2020-12-22
7535226,C1973020201222,2020-12-22
7535227,C1972920201222,2020-12-22
7535228,C1973120201222,2020-12-22
7535229,C1973220201222,2020-12-22
7535230,C1973520201222,2020-12-22
7535232,C1973420201222,2020-12-22
7535233,C1974120201222,2020-12-22
7535297,C2022620201222,2020-12-22
7535298,C2022820201222,2020-12-22
7535299,C2022920201222,2020-12-22
7535300,C2022420201222,2020-12-22
7535301,C2023820201222,2020-12-22
7535302,C2025420201222,2020-12-22
7535303,C2025320201222,2020-12-22
7535304,C2026120201222,2020-12-22
7535305,C2026220201222,2020-12-22
7535306,C2026320201222,2020-12-22
7535307,C2026520201222,2020-12-22
7535308,C2026920201222,2020-12-22
7535309,C2026720201222,2020-12-22
7535310,C2026620201222,2020-12-22
7535311,C2027520201222,2020-12-22
7535312,C2027420201222,2020-12-22
7535313,C2029320201222,2020-12-22
7535314,C2030420201222,2020-12-22
7535315,C2029520201222,2020-12-22
7535316,C2029620201222,2020-12-22
7535317,C2032320201222,2020-12-22
7535318,C2032120201222,2020-12-22
7535319,C2034020201222,2020-12-22
7535320,C2035720201222,2020-12-22
7535321,C2036220201222,2020-12-22
7535322,C2054020201222,2020-12-22
7535323,C2056220201222,2020-12-22
7535325,C2068620201222,2020-12-22
7535358,C2467020201222,2020-12-22
7535359,C2467120201222,2020-12-22
7535360,W3657220201222,2020-12-22
7535361,C2467620201222,2020-12-22
7535362,C2467720201222,2020-12-22
7535363,C2467420201222,2020-12-22
7535364,C2467920201222,2020-12-22
7535365,C2468220201222,2020-12-22
7535366,C2468320201222,2020-12-22
7535367,C2468420201222,2020-12-22
7535368,C2468520201222,2020-12-22
7535369,C2468620201222,2020-12-22
7535370,C2469220201222,2020-12-22
7535371,C2469120201222,2020-12-22
7535374,C2491820201222,2020-12-22
7535375,C2485620201222,2020-12-22
7535376,C2492020201222,2020-12-22
7535377,C2492120201222,2020-12-22
7535378,C2492220201222,2020-12-22
7535379,C2492720201222,2020-12-22
7535380,C2492520201222,2020-12-22
7535381,C2492620201222,2020-12-22
7535382,C2493020201222,2020-12-22
7535384,C2493920201222,2020-12-22
7535385,C2496620201222,2020-12-22
7535386,C2494020201222,2020-12-22
7535447,C2783520201222,2020-12-22
7535448,C2784320201222,2020-12-22
7535449,C2791020201222,2020-12-22
7535450,C2793120201222,2020-12-22
7535451,C2793320201222,2020-12-22
7535454,C4175020201222,2020-12-22
7535178,C1944420201222,2020-12-22
7535179,C1944620201222,2020-12-22
7535180,C1946020201222,2020-12-22
7535182,C1950120201222,2020-12-22
7535183,C1950320201222,2020-12-22
7535186,C1951120201222,2020-12-22
7535187,C1951320201222,2020-12-22
7535188,C1951520201222,2020-12-22
7535189,C1951720201222,2020-12-22
7535190,C1952320201222,2020-12-22
7535191,C1952520201222,2020-12-22
7535192,C1952120201222,2020-12-22
7535193,C1952720201222,2020-12-22
7535194,C1952920201222,2020-12-22
7535195,C1953620201222,2020-12-22
7535196,C1953520201222,2020-12-22
7535197,C1956920201222,2020-12-22
7535198,C1957120201222,2020-12-22
7535199,C1958120201222,2020-12-22
7535200,C1958320201222,2020-12-22
7535202,C1959820201222,2020-12-22
7535203,C1959220201222,2020-12-22
7535234,C1974320201222,2020-12-22
7535235,C1974520201222,2020-12-22
7535237,C1975120201222,2020-12-22
7535238,C1976220201222,2020-12-22
7535239,C1975720201222,2020-12-22
7535240,C1984820201222,2020-12-22
7535241,C1984620201222,2020-12-22
7535242,C1985020201222,2020-12-22
7535243,C1985220201222,2020-12-22
7535244,C1985420201222,2020-12-22
7535245,C1985820201222,2020-12-22
7535246,C1986220201222,2020-12-22
7535247,C1994320201222,2020-12-22
7535248,C2000320201222,2020-12-22
7535249,C2000420201222,2020-12-22
7535250,C2001220201222,2020-12-22
7535251,C2001020201222,2020-12-22
7535252,C2001720201222,2020-12-22
7535253,C2001920201222,2020-12-22
7535254,C2001620201222,2020-12-22
7535255,C2002120201222,2020-12-22
7535256,C2002520201222,2020-12-22
7535257,C2002820201222,2020-12-22
7535258,C2002420201222,2020-12-22
7535259,C2002620201222,2020-12-22
7535260,C2003420201222,2020-12-22
7535261,C2008020201222,2020-12-22
7535262,C2007820201222,2020-12-22
7535263,C2008420201222,2020-12-22
7535264,C2008620201222,2020-12-22
7535265,C2008520201222,2020-12-22
7535266,C2009320201222,2020-12-22
7535267,C2009420201222,2020-12-22
7535268,C2009720201222,2020-12-22
7535269,C2010120201222,2020-12-22
7535270,C2009920201222,2020-12-22
7535271,C2010820201222,2020-12-22
7535272,C2010720201222,2020-12-22
7535273,C2010920201222,2020-12-22
7535274,C2012420201222,2020-12-22
7535275,C2012620201222,2020-12-22
7535276,C2013320201222,2020-12-22
7535277,C2013020201222,2020-12-22
7535278,C2013920201222,2020-12-22
7535279,C2015020201222,2020-12-22
7535280,C2015220201222,2020-12-22
7535281,C2015420201222,2020-12-22
7535282,C2015620201222,2020-12-22
7535283,C2015820201222,2020-12-22
7535284,C2016620201222,2020-12-22
7535285,C2016020201222,2020-12-22
7535286,C2016220201222,2020-12-22
7535287,C2017120201222,2020-12-22
7535288,C2017820201222,2020-12-22
7535289,C2017420201222,2020-12-22
7535290,C2019420201222,2020-12-22
7535291,C2018920201222,2020-12-22
7535292,C2019720201222,2020-12-22
7535293,C2020420201222,2020-12-22
7535334,C2461120201222,2020-12-22
7535337,C2461320201222,2020-12-22
7535338,C2461420201222,2020-12-22
7535339,C2462020201222,2020-12-22
7535340,C2461820201222,2020-12-22
7535341,C2462420201222,2020-12-22
7535342,C2462720201222,2020-12-22
7535343,C2463120201222,2020-12-22
7535344,C2463020201222,2020-12-22
7535347,C2464920201222,2020-12-22
7535349,C2465920201222,2020-12-22
7535350,C2466020201222,2020-12-22
7535351,C2466120201222,2020-12-22
7535352,C2466620201222,2020-12-22
7535353,C2466520201222,2020-12-22
7535355,W3654920201222,2020-12-22
7535357,C2466920201222,2020-12-22
7535434,C2753820201222,2020-12-22
7535435,C2757320201222,2020-12-22
7535436,C2761920201222,2020-12-22
7535437,C2758020201222,2020-12-22
7535438,C2764620201222,2020-12-22
7535440,C2776320201222,2020-12-22
7535441,C2775920201222,2020-12-22
7535442,C2777620201222,2020-12-22
7535443,C2779520201222,2020-12-22
7535444,C2779320201222,2020-12-22
7535445,C2781020201222,2020-12-22
7535446,C2781720201222,2020-12-22
7535744,C1785820201222,2020-12-22
7535751,C1550820201222,2020-12-22
7535011,C1444620201222,2020-12-22
7535012,C1443920201222,2020-12-22
7535014,C1454720201222,2020-12-22
7535015,C1452820201222,2020-12-22
7535018,C1456620201222,2020-12-22
7535021,C1457120201222,2020-12-22
7535023,C1459220201222,2020-12-22
7535024,C1465120201222,2020-12-22
7535025,C1463220201222,2020-12-22
7535027,C1469120201222,2020-12-22
7535028,C1467720201222,2020-12-22
7536924,P4479120201222,2020-12-22
7536928,P4479520201222,2020-12-22
7536929,P4480320201222,2020-12-22
7536506,C1558720201222,2020-12-22
7536507,C1560520201222,2020-12-22
7537065,W3322620201222,2020-12-22
7537038,W3310120201222,2020-12-22
7537039,W3310220201222,2020-12-22
7537040,W3310920201222,2020-12-22
7537041,W3311220201222,2020-12-22
7537042,W3311420201222,2020-12-22
7537043,W3311620201222,2020-12-22
7537044,W3312120201222,2020-12-22
7537045,W3312320201222,2020-12-22
7537046,W3312620201222,2020-12-22
7537047,W3312920201222,2020-12-22
7537048,W3313520201222,2020-12-22
7537049,W3313720201222,2020-12-22
7537050,W3314420201222,2020-12-22
7537051,W3315620201222,2020-12-22
7537052,W3316120201222,2020-12-22
7537053,W3317320201222,2020-12-22
7537054,W3318220201222,2020-12-22
7537055,W3319420201222,2020-12-22
7537056,W3319720201222,2020-12-22
7537057,W3318720201222,2020-12-22
7537058,W3320120201222,2020-12-22
7537059,W3321120201222,2020-12-22
7537060,W3321220201222,2020-12-22
7537061,W3320220201222,2020-12-22
7537062,W3320620201222,2020-12-22
7537063,W3321620201222,2020-12-22
7537064,W3322120201222,2020-12-22
7537125,W3451120201222,2020-12-22
7537131,W3475720201222,2020-12-22
7537009,P8479920201222,2020-12-22
7537016,W3291420201222,2020-12-22
7537017,W3291920201222,2020-12-22
7537018,W3293620201222,2020-12-22
7537020,W3304720201222,2020-12-22
7537021,W3297320201222,2020-12-22
7537024,W3305520201222,2020-12-22
7537025,W3305420201222,2020-12-22
7537026,W3305820201222,2020-12-22
7537027,W3306020201222,2020-12-22
7537028,W3306220201222,2020-12-22
7537029,W3306420201222,2020-12-22
7537032,W3307420201222,2020-12-22
7537033,W3308120201222,2020-12-22
7537034,W3307120201222,2020-12-22
7537035,W3307920201222,2020-12-22
7537036,W3308720201222,2020-12-22
7537094,W3396920201222,2020-12-22
7537104,W3408420201222,2020-12-22
7537109,W3410020201222,2020-12-22
7537110,W3410520201222,2020-12-22
7537115,W3418320201222,2020-12-22
7537116,W3432520201222,2020-12-22
7537121,W3440420201222,2020-12-22
7537122,W3441220201222,2020-12-22
7537155,W3505620201222,2020-12-22
7537156,W3503620201222,2020-12-22
7537157,W3504120201222,2020-12-22
7537158,W3506120201222,2020-12-22
7537159,W3506420201222,2020-12-22
7537160,W3506920201222,2020-12-22
7537161,W3507320201222,2020-12-22
7537162,W3507720201222,2020-12-22
7537163,W3508420201222,2020-12-22
7537164,W3508120201222,2020-12-22
7537166,W3509220201222,2020-12-22
7537168,W3510620201222,2020-12-22
7537169,W3511920201222,2020-12-22
7537172,W3518120201222,2020-12-22
7537173,W3519020201222,2020-12-22
7537174,W3519120201222,2020-12-22
7537175,W3519820201222,2020-12-22
7537176,W3517620201222,2020-12-22
7537178,W3523620201222,2020-12-22
7537181,W3531820201222,2020-12-22
7537182,W3533320201222,2020-12-22
7537183,W3533820201222,2020-12-22
7537215,W3618120201222,2020-12-22
7537216,W3622920201222,2020-12-22
7537219,W3626220201222,2020-12-22
7537220,W3636720201222,2020-12-22
7537221,W3637620201222,2020-12-22
7537222,W3644320201222,2020-12-22
7537223,W3640920201222,2020-12-22
7537225,W3644920201222,2020-12-22
7537226,W3645320201222,2020-12-22
7537228,W3650120201222,2020-12-22
7537229,W3652520201222,2020-12-22
7537230,W3652820201222,2020-12-22
7537231,W3653220201222,2020-12-22
7537232,W3653520201222,2020-12-22
7537234,W3667220201222,2020-12-22
7537235,W3668120201222,2020-12-22
7537236,W3668420201222,2020-12-22
7537237,W3668620201222,2020-12-22
7537239,W3669020201222,2020-12-22
7537241,W3674320201222,2020-12-22
7537242,W3677220201222,2020-12-22
7537244,W3681020201222,2020-12-22
7537133,W3479720201222,2020-12-22
7537134,W3480020201222,2020-12-22
7537136,W3480720201222,2020-12-22
7537138,W3482720201222,2020-12-22
7537139,W3483020201222,2020-12-22
7537140,W3486020201222,2020-12-22
7537141,W3485420201222,2020-12-22
7537142,W3485620201222,2020-12-22
7537143,W3486520201222,2020-12-22
7537144,W3486720201222,2020-12-22
7537145,W3487120201222,2020-12-22
7537146,W3487220201222,2020-12-22
7537147,W3487720201222,2020-12-22
7537148,W3494220201222,2020-12-22
7537150,W3499120201222,2020-12-22
7537151,W3498720201222,2020-12-22
7537153,W3501120201222,2020-12-22
7537154,W3505220201222,2020-12-22
7537184,W3534220201222,2020-12-22
7537185,W3534920201222,2020-12-22
7537189,W3568020201222,2020-12-22
7537191,W3569220201222,2020-12-22
7537192,W3570420201222,2020-12-22
7537195,W3570620201222,2020-12-22
7537200,W3574920201222,2020-12-22
7537201,W3576220201222,2020-12-22
7537203,W3577820201222,2020-12-22
7537204,W3580420201222,2020-12-22
7537205,W3595220201222,2020-12-22
7537206,W3594720201222,2020-12-22
7537208,W3599720201222,2020-12-22
7537209,W3599320201222,2020-12-22
7537211,W3601320201222,2020-12-22
7537258,C1735020201222,2020-12-22
7537259,C1777520201222,2020-12-22
7537260,C2467520201222,2020-12-22
7537282,W3429220201222,2020-12-22
7537283,W3646820201222,2020-12-22
7537284,W3654020201222,2020-12-22
7537285,W3677120201222,2020-12-22
7537286,W3679420201222,2020-12-22
7537287,C1558020201222,2020-12-22
7537446,C2778820201222,2020-12-22
7537500,C1429320201222,2020-12-22
7537501,C1468820201222,2020-12-22
7537502,C1515920201222,2020-12-22
7537503,C1522820201222,2020-12-22
7537504,C1556020201222,2020-12-22
7537505,C1545020201222,2020-12-22
7537506,C1563820201222,2020-12-22
7537507,C1673420201222,2020-12-22
7537508,C1729420201222,2020-12-22
7537509,C1779620201222,2020-12-22
7537510,C1779720201222,2020-12-22
7537511,C1785920201222,2020-12-22
7537512,C1938120201222,2020-12-22
7537514,C1947020201222,2020-12-22
7537515,C1958720201222,2020-12-22
7537516,C1959620201222,2020-12-22
7537517,C1961320201222,2020-12-22
7537518,C1985920201222,2020-12-22
7537519,C1986120201222,2020-12-22
7537520,C1986320201222,2020-12-22
7537521,C1990720201222,2020-12-22
7537522,C1990620201222,2020-12-22
7537523,C2004220201222,2020-12-22
7537524,C2003820201222,2020-12-22
7537527,C2462820201222,2020-12-22
7537528,C2461220201222,2020-12-22
7537529,C2467320201222,2020-12-22
7537066,W3322720201222,2020-12-22
7537069,W3330020201222,2020-12-22
7537070,W3331120201222,2020-12-22
7537071,W3332220201222,2020-12-22
7537072,W3332620201222,2020-12-22
7537073,W3332720201222,2020-12-22
7537074,W3338520201222,2020-12-22
7537075,W3337820201222,2020-12-22
7537076,W3344320201222,2020-12-22
7537077,W3347020201222,2020-12-22
7537078,W3347920201222,2020-12-22
7537079,W3354420201222,2020-12-22
7537081,W3378020201222,2020-12-22
7537083,W3382720201222,2020-12-22
7537084,W3387620201222,2020-12-22
7537085,W3390820201222,2020-12-22
7537086,W3394720201222,2020-12-22
7537087,W3393920201222,2020-12-22
7537088,W3394220201222,2020-12-22
7537089,W3394420201222,2020-12-22
7537090,W3396520201222,2020-12-22
7537091,W3395220201222,2020-12-22
7537092,W3395720201222,2020-12-22
7537093,W3396120201222,2020-12-22
7537214,W3617620201222,2020-12-22
7537884,W3602520201222,2020-12-22
7537885,W3621420201222,2020-12-22
7537886,W3645720201222,2020-12-22
7537875,W3317620201222,2020-12-22
7537876,W3376420201222,2020-12-22
7537877,W3397220201222,2020-12-22
7537878,W3397520201222,2020-12-22
7537879,W3397820201222,2020-12-22
7537880,W3439520201222,2020-12-22
7537881,W3410620201222,2020-12-22
7537882,W3447720201222,2020-12-22
7537883,W3450020201222,2020-12-22
7537887,W3649420201222,2020-12-22
7538009,C2795020201222,2020-12-22
7537952,C1496520201222,2020-12-22
7537953,C1940620201222,2020-12-22
7537954,C1972520201222,2020-12-22
7537955,C1987320201222,2020-12-22
7537958,C2463220201222,2020-12-22
7537959,C2465420201222,2020-12-22
7537960,C2465520201222,2020-12-22
7538065,G2672720201222,2020-12-22
7538638,W3303020201222,2020-12-22
7538111,C2012720201222,2020-12-22
7538112,C2017220201222,2020-12-22
7538113,C2017320201222,2020-12-22
7538114,C2023020201222,2020-12-22
7538115,C2068420201222,2020-12-22
7538120,C2465020201222,2020-12-22
7538121,C2466420201222,2020-12-22
7538122,C2791420201222,2020-12-22
7538123,C2791620201222,2020-12-22
7538639,W3318620201222,2020-12-22
7538641,W3338720201222,2020-12-22
7538642,W3595820201222,2020-12-22
7538643,W3596120201222,2020-12-22
7540644,C2024120201222,2020-12-22
7539010,C2037920201222,2020-12-22
7539011,C2043720201222,2020-12-22
7540112,C1990420201222,2020-12-22
7540113,C2040220201222,2020-12-22
7540114,C2039120201222,2020-12-22
7540115,C2039220201222,2020-12-22
7540116,C2039820201222,2020-12-22
7540117,C2039720201222,2020-12-22
7540118,C2041520201222,2020-12-22
7540119,C2041720201222,2020-12-22
7540120,C2041920201222,2020-12-22
7540121,C2042420201222,2020-12-22
7540122,C2042620201222,2020-12-22
7540123,C2043020201222,2020-12-22
7540124,C2044620201222,2020-12-22
7540125,C2044720201222,2020-12-22
7540128,C2053520201222,2020-12-22
7540129,C2053920201222,2020-12-22
7540133,C2465620201222,2020-12-22
7538823,C2036920201222,2020-12-22
7538824,C2037520201222,2020-12-22
7538825,C2037620201222,2020-12-22
7538826,C2037720201222,2020-12-22
7538827,C2040320201222,2020-12-22
7538828,C2040620201222,2020-12-22
7538829,C2040820201222,2020-12-22
7538830,C2041020201222,2020-12-22
7538831,C2041120201222,2020-12-22
7538832,C2041320201222,2020-12-22
7538833,C2043620201222,2020-12-22
7538834,C2043120201222,2020-12-22
7538835,C2043220201222,2020-12-22
7538836,C2043420201222,2020-12-22
7538837,C2045820201222,2020-12-22
7538838,C2045720201222,2020-12-22
7538839,C2045320201222,2020-12-22
7538840,C2052520201222,2020-12-22
7538841,C2052720201222,2020-12-22
7540645,C2024720201222,2020-12-22
7540646,W3682920201222,2020-12-22
7540831,C1758520201222,2020-12-22
7541464,G2229420201222,2020-12-22
7541465,G2229520201222,2020-12-22
7541466,G2229620201222,2020-12-22
7541467,G2229720201222,2020-12-22
7541468,G2229920201222,2020-12-22
7541469,G2230220201222,2020-12-22
7541470,G2229820201222,2020-12-22
7541471,G2230020201222,2020-12-22
7541472,G2230120201222,2020-12-22
7541473,G2230820201222,2020-12-22
7541474,G2230920201222,2020-12-22
7541475,G2230320201222,2020-12-22
7541476,G2230420201222,2020-12-22
7541477,G2230520201222,2020-12-22
7541478,G2230620201222,2020-12-22
7541479,G2230720201222,2020-12-22
7541967,W3373420201222,2020-12-22
7541968,W3374020201222,2020-12-22
7541969,W3374720201222,2020-12-22
7541970,W3375020201222,2020-12-22
7541971,W3375620201222,2020-12-22
7542016,C2005320201222,2020-12-22
7542017,C2005920201222,2020-12-22
7542018,C2006320201222,2020-12-22
7542019,C2006620201222,2020-12-22
7542020,C2004720201222,2020-12-22
7542021,C2006820201222,2020-12-22
7542022,C2463720201222,2020-12-22
7542023,C2464220201222,2020-12-22
7542024,C2463820201222,2020-12-22
7542025,C2464320201222,2020-12-22
7542026,C2464520201222,2020-12-22
7542027,C2463920201222,2020-12-22
7542028,C2464020201222,2020-12-22
7542029,C2464120201222,2020-12-22
7542030,C2464420201222,2020-12-22
7542031,C2464620201222,2020-12-22
7542032,C2464720201222,2020-12-22
7542033,C2464820201222,2020-12-22
7541949,W3364520201222,2020-12-22
7541950,W3364120201222,2020-12-22
7541951,W3365320201222,2020-12-22
7541952,W3365620201222,2020-12-22
7541953,W3364720201222,2020-12-22
7541954,W3365020201222,2020-12-22
7541955,W3367120201222,2020-12-22
7541956,W3367420201222,2020-12-22
7541957,W3365920201222,2020-12-22
7541958,W3366320201222,2020-12-22
7541959,W3372320201222,2020-12-22
7541960,W3372920201222,2020-12-22
7541961,W3372020201222,2020-12-22
7541962,W3372520201222,2020-12-22
7541963,W3373120201222,2020-12-22
7541964,W3373820201222,2020-12-22
7541965,W3375220201222,2020-12-22
7541966,W3375420201222,2020-12-22
7541972,W3375720201222,2020-12-22
7542483,W3632520201222,2020-12-22
7542465,C1953220201222,2020-12-22
